{
  "project_info": {
    "project_number": "864539212672",
    "project_id": "auth-91910",
    "storage_bucket": "auth-91910.appspot.com"
  },
  "client": [
    {
      "client_info": {
        "mobilesdk_app_id": "1:864539212672:android:7e9583ae5502fc719fdf65",
        "android_client_info": {
          "package_name": "com.example.firebaseauth"
        }
      },
      "oauth_client": [
        {
          "client_id": "864539212672-enkb9ectgg8j71l5miifb0tpb60o07io.apps.googleusercontent.com",
          "client_type": 3
        }
      ],
      "api_key": [
        {
          "current_key": "AIzaSyATXvyT0o_DijXwzSZ-6sOWMPSU9JpA9yc"
        }
      ],
      "services": {
        "appinvite_service": {
          "other_platform_oauth_client": [
            {
              "client_id": "864539212672-enkb9ectgg8j71l5miifb0tpb60o07io.apps.googleusercontent.com",
              "client_type": 3
            }
          ]
        }
      }
    }
  ],
  "configuration_version": "1"
}